order_id,order_date,product_id,quantity,total_sales_amount,region
10001,2024-04-30,135,3,52.01,West
10002,2023-11-20,121,2,85.44,North
10003,2023-04-24,116,1,41.07,South
10004,2023-05-12,104,3,58.72,East
10005,2023-03-14,137,1,13.29,North
10006,2023-01-12,146,4,121.11,North
10007,2024-08-11,127,3,101.64,North
10008,2024-07-18,104,4,79.12,North
10009,2024-05-11,104,5,99.28,North
10010,2024-05-19,148,2,104.94,South
10011,2023-12-18,129,3,189.93,North
10012,2023-07-03,141,1,10.74,West
10013,2023-12-22,145,2,87.17,South
10014,2024-02-14,140,3,77.94,West
10015,2024-02-03,102,2,54.94,East
10016,2023-08-31,103,4,212.59,North
10017,2023-07-11,110,1,29.14,North
10018,2023-05-26,117,1,20.62,North
10019,2024-05-14,134,1,44.2,South
10020,2023-03-21,125,2,127.47,East
10021,2023-10-08,130,1,27.79,South
10022,2023-05-15,150,4,197.2,North
10023,2023-08-16,140,4,104.47,North
10024,2024-12-20,118,4,210.47,East
10025,2023-03-15,113,1,56.35,East
10026,2023-02-24,115,2,90.31,South
10027,2024-05-10,119,2,104.34,East
10028,2024-09-11,110,5,142.36,North
10029,2023-11-02,115,2,93.99,South
10030,2023-04-06,113,4,226.79,South
10031,2023-04-01,124,4,89.23,South
10032,2023-10-17,108,1,20.98,South
10033,2023-07-07,125,3,185.46,North
10034,2023-07-11,133,1,51.84,North
10035,2023-05-04,115,4,181.79,East
10036,2023-03-01,131,2,121.2,North
10037,2024-03-15,113,1,53.49,East
10038,2023-06-09,127,3,100.04,East
10039,2023-02-05,136,3,33.89,West
10040,2024-11-06,102,5,147.26,East
10041,2024-11-05,143,4,225.49,West
10042,2023-10-02,105,2,79.33,South
10043,2024-01-31,101,2,52.68,East
10044,2024-12-29,108,3,65.12,East
10045,2023-07-12,122,5,89.43,South
10046,2024-10-09,123,5,137.91,East
10047,2024-03-08,120,1,35.55,East
10048,2024-03-03,112,5,192.96,North
10049,2024-06-09,112,1,41.51,East
10050,2024-05-23,121,3,121.75,North
10051,2024-04-30,128,2,116.61,East
10052,2024-12-17,104,5,93.58,East
10053,2024-10-15,109,2,14.11,West
10054,2023-12-17,132,4,151.47,South
10055,2023-10-26,117,3,66.12,North
10056,2023-03-02,114,2,43.02,West
10057,2024-02-06,109,1,7.16,North
10058,2023-09-28,107,3,187.78,West
10059,2023-03-26,113,5,267.22,North
10060,2023-08-06,122,3,52.18,East
10061,2024-06-24,129,4,260.56,North
10062,2024-06-13,103,3,148.91,North
10063,2024-07-11,141,4,45.81,North
10064,2024-01-18,131,1,61.86,South
10065,2024-03-19,143,5,280.15,South
10066,2024-03-03,115,2,89.54,West
10067,2024-05-29,121,5,204.48,North
10068,2024-04-09,128,5,269.35,South
10069,2023-03-26,145,2,86.17,North
10070,2024-01-06,140,3,83.82,South
10071,2023-12-26,111,4,223.35,West
10072,2023-02-17,121,2,80.42,South
10073,2024-05-12,134,4,169.59,South
10074,2024-02-18,149,2,102.99,East
10075,2023-08-29,105,3,118.08,East
10076,2023-11-10,142,1,50.71,East
10077,2024-12-04,109,2,15.61,North
10078,2024-11-18,119,3,155.56,South
10079,2023-11-30,150,3,141.26,West
10080,2023-08-28,102,4,119.32,West
10081,2023-04-28,118,3,163.53,East
10082,2024-07-07,122,5,83.0,West
10083,2023-10-03,103,4,204.31,South
10084,2023-08-26,108,3,64.23,East
10085,2023-08-03,147,4,55.18,South
10086,2024-02-04,118,3,163.21,South
10087,2023-08-31,132,2,73.09,West
10088,2024-10-25,133,3,158.99,South
10089,2023-08-04,109,3,23.42,West
10090,2024-09-29,127,3,100.65,West
10091,2023-12-11,125,3,175.49,North
10092,2024-05-28,119,1,50.72,East
10093,2024-11-15,117,5,111.36,East
10094,2024-10-29,118,5,290.74,East
10095,2024-05-12,104,5,103.19,West
10096,2024-03-03,121,5,195.15,North
10097,2023-11-16,145,1,42.28,East
10098,2023-07-02,125,4,253.96,North
10099,2023-02-02,119,3,154.46,South
10100,2023-09-27,136,1,10.82,West
10101,2023-07-14,111,3,169.59,West
10102,2024-03-25,117,5,108.69,West
10103,2024-01-11,149,3,149.28,South
10104,2023-08-21,137,4,53.19,South
10105,2024-10-27,121,4,168.74,West
10106,2024-05-01,144,3,38.92,West
10107,2023-03-14,106,4,82.73,South
10108,2023-01-19,120,2,70.27,West
10109,2023-04-14,133,4,217.1,East
10110,2024-11-01,110,1,29.13,West
10111,2023-09-30,121,3,118.27,West
10112,2023-11-01,106,1,20.51,North
10113,2023-08-23,109,1,7.13,East
10114,2023-09-20,132,5,173.98,South
10115,2023-03-23,125,1,63.43,East
10116,2023-03-28,129,5,320.96,South
10117,2024-11-02,102,2,56.48,North
10118,2023-11-29,119,1,50.74,South
10119,2024-10-18,114,1,20.74,South
10120,2024-12-24,134,4,174.9,East
10121,2024-12-17,130,3,83.27,North
10122,2024-08-22,142,5,255.52,South
10123,2024-11-16,130,4,117.23,West
10124,2024-06-13,126,2,56.69,East
10125,2023-12-22,138,5,71.85,East
10126,2023-03-15,125,4,249.74,East
10127,2024-11-26,149,5,250.21,West
10128,2024-05-09,148,4,213.57,East
10129,2023-01-30,112,4,151.75,West
10130,2024-06-08,137,4,54.35,West
10131,2024-04-13,143,3,174.77,West
10132,2024-03-11,132,3,114.19,East
10133,2023-11-14,105,3,121.87,West
10134,2023-04-20,137,1,12.82,North
10135,2024-12-19,113,1,56.68,South
10136,2023-05-25,144,5,67.52,West
10137,2023-05-03,127,4,133.84,East
10138,2023-06-23,115,5,234.44,North
10139,2024-07-10,139,2,107.89,South
10140,2023-09-08,107,1,62.84,South
10141,2024-09-03,144,1,12.88,East
10142,2023-03-19,127,3,98.48,West
10143,2024-10-03,120,3,111.81,South
10144,2023-06-02,139,2,107.33,West
10145,2024-08-06,142,3,143.57,North
10146,2024-11-18,149,5,253.49,East
10147,2023-06-06,119,3,153.8,West
10148,2023-01-19,116,2,81.68,West
10149,2024-01-16,120,4,153.23,South
10150,2024-04-06,134,1,45.08,West
10151,2023-09-18,125,1,58.61,East
10152,2023-07-31,104,5,93.59,West
10153,2023-08-23,150,1,45.85,North
10154,2023-01-08,148,3,159.03,West
10155,2024-11-19,127,1,32.91,South
10156,2023-09-01,137,3,38.05,West
10157,2023-05-14,141,1,10.86,North
10158,2024-02-06,144,3,38.52,West
10159,2024-10-06,105,3,124.55,West
10160,2024-02-05,119,2,109.54,West
10161,2023-07-16,124,5,115.69,West
10162,2023-09-07,106,3,59.89,West
10163,2023-02-19,104,4,79.9,East
10164,2023-06-24,141,1,11.48,South
10165,2024-04-22,136,4,43.42,West
10166,2024-12-17,119,1,53.82,South
10167,2024-12-29,149,5,246.01,East
10168,2023-02-16,110,3,93.06,West
10169,2024-01-04,115,1,46.93,East
10170,2023-09-30,126,5,146.77,West
10171,2024-08-27,118,4,232.21,West
10172,2024-10-18,126,2,56.01,West
10173,2024-06-05,120,1,36.28,North
10174,2023-07-17,126,1,28.4,West
10175,2024-06-20,135,3,52.22,North
10176,2024-12-02,137,3,37.78,South
10177,2024-07-11,139,2,110.75,South
10178,2024-09-06,121,1,39.55,South
10179,2024-10-23,122,5,86.86,West
10180,2023-05-19,123,5,138.57,South
10181,2024-10-10,102,2,56.63,West
10182,2023-07-22,117,5,104.44,West
10183,2023-10-18,106,2,40.36,East
10184,2024-10-11,134,5,209.72,West
10185,2023-09-21,142,5,250.8,East
10186,2023-12-10,112,3,125.24,South
10187,2024-06-23,141,5,53.47,West
10188,2023-08-09,133,4,224.85,South
10189,2023-06-10,124,2,44.4,West
10190,2023-03-21,126,3,85.01,North
10191,2024-08-11,125,5,302.02,South
10192,2024-03-11,114,1,20.89,North
10193,2023-07-02,129,1,60.68,South
10194,2023-05-16,127,1,34.3,West
10195,2023-02-01,139,2,115.27,South
10196,2024-08-13,105,1,37.96,North
10197,2024-02-08,118,1,56.29,East
10198,2024-12-19,135,5,91.95,North
10199,2023-03-03,130,2,57.16,West
10200,2023-01-14,118,1,55.37,North
10201,2023-09-15,119,5,255.12,North
10202,2024-03-07,148,4,224.58,North
10203,2024-03-02,136,1,10.38,South
10204,2023-12-28,125,1,61.92,South
10205,2024-10-20,115,5,233.23,North
10206,2024-07-06,131,2,122.8,South
10207,2023-02-01,129,3,181.31,East
10208,2024-07-20,132,2,69.08,East
10209,2023-09-26,141,3,34.8,East
10210,2023-03-12,136,4,42.27,North
10211,2023-10-25,141,3,33.55,North
10212,2024-10-26,116,4,170.61,West
10213,2024-11-05,131,2,124.75,North
10214,2023-10-05,121,4,164.44,West
10215,2024-02-26,141,2,22.18,West
10216,2023-09-01,138,1,15.28,East
10217,2024-08-09,115,3,138.82,North
10218,2023-02-16,126,4,106.93,East
10219,2024-02-21,121,1,39.35,South
10220,2023-07-25,109,1,7.05,North
10221,2023-08-24,120,5,186.48,North
10222,2023-04-03,114,3,66.54,North
10223,2023-05-30,112,2,80.94,North
10224,2024-11-10,101,1,26.76,East
10225,2023-03-21,118,3,159.92,South
10226,2023-09-12,136,4,44.64,North
10227,2023-02-09,132,3,110.62,West
10228,2023-07-15,139,5,276.64,South
10229,2024-09-09,109,1,7.79,South
10230,2023-03-23,146,3,86.25,North
10231,2024-11-18,128,4,232.58,South
10232,2024-04-30,123,4,107.55,East
10233,2023-12-04,139,5,275.05,South
10234,2023-05-26,108,1,20.61,East
10235,2024-03-27,149,4,192.98,South
10236,2023-01-17,131,1,61.61,South
10237,2023-11-11,101,5,123.78,West
10238,2024-08-29,131,1,62.97,West
10239,2023-02-17,133,1,52.09,South
10240,2023-07-03,140,5,129.08,West
10241,2024-07-22,128,2,107.45,West
10242,2024-01-03,113,1,54.05,East
10243,2024-07-20,141,1,10.57,North
10244,2023-12-10,139,3,160.78,East
10245,2024-08-26,133,4,207.79,North
10246,2024-01-08,114,5,111.54,North
10247,2023-03-06,107,2,119.51,North
10248,2023-07-11,117,3,68.31,North
10249,2024-06-11,115,1,45.45,East
10250,2024-03-29,112,3,118.92,East
10251,2024-06-15,130,3,80.19,East
10252,2024-07-01,136,5,53.03,West
10253,2023-10-09,103,3,153.97,West
10254,2023-02-02,123,2,52.61,South
10255,2024-05-02,116,4,165.13,North
10256,2023-01-13,106,5,103.39,East
10257,2024-02-19,101,4,99.73,South
10258,2024-05-01,119,3,154.93,North
10259,2023-01-26,138,4,58.69,West
10260,2024-01-03,115,4,177.32,West
10261,2023-01-01,130,5,139.48,West
10262,2023-03-21,141,3,32.37,East
10263,2023-04-02,115,2,87.83,South
10264,2024-01-27,108,5,107.73,East
10265,2023-09-08,141,4,42.35,West
10266,2023-03-17,141,4,42.59,South
10267,2023-05-25,148,2,105.38,West
10268,2023-06-22,126,3,84.58,East
10269,2023-12-10,149,5,256.89,West
10270,2024-02-19,133,2,109.92,East
10271,2024-01-21,133,1,55.26,West
10272,2024-02-10,115,5,242.05,West
10273,2024-08-28,145,2,86.73,East
10274,2024-11-22,122,1,16.37,South
10275,2023-10-01,114,3,62.31,North
10276,2024-08-04,128,3,160.74,South
10277,2023-05-04,110,4,124.29,West
10278,2023-02-04,130,3,83.52,West
10279,2024-05-25,150,5,235.07,East
10280,2024-02-14,135,1,17.7,East
10281,2024-04-23,127,5,176.36,North
10282,2023-10-31,148,4,211.69,West
10283,2024-06-18,127,3,105.44,North
10284,2023-10-24,125,5,321.64,South
10285,2023-09-06,139,3,158.95,South
10286,2024-05-16,144,1,13.04,South
10287,2023-05-07,138,3,44.18,South
10288,2024-07-24,124,3,69.69,East
10289,2023-11-22,146,5,137.39,East
10290,2024-06-17,132,5,189.54,South
10291,2023-12-14,121,4,167.75,East
10292,2023-07-02,132,4,142.19,South
10293,2023-09-02,107,4,240.68,West
10294,2024-04-18,109,2,15.06,North
10295,2023-10-31,121,2,83.25,South
10296,2024-11-05,112,5,198.12,West
10297,2023-04-09,149,5,259.22,South
10298,2024-03-28,149,4,190.02,West
10299,2024-02-02,117,5,107.38,East
10300,2023-10-19,117,3,65.13,West
10301,2023-11-15,146,5,149.4,West
10302,2024-12-09,145,1,46.09,West
10303,2024-10-23,115,1,45.87,East
10304,2023-02-02,106,1,19.98,South
10305,2024-02-20,140,5,139.35,North
10306,2023-05-08,144,1,13.63,North
10307,2024-11-05,117,2,42.14,West
10308,2024-11-04,122,4,66.31,North
10309,2024-12-02,114,4,83.83,East
10310,2023-05-28,147,5,71.33,East
10311,2024-02-27,112,4,159.31,South
10312,2023-11-19,120,1,35.17,East
10313,2024-08-01,103,1,49.26,West
10314,2023-03-21,120,3,114.62,South
10315,2023-10-19,128,4,227.06,West
10316,2023-11-16,122,5,88.7,East
10317,2024-08-03,124,4,94.52,North
10318,2024-01-15,140,5,130.61,South
10319,2023-10-22,121,1,41.91,East
10320,2023-09-06,103,5,242.7,North
10321,2023-07-25,133,5,270.71,East
10322,2023-05-01,132,2,73.73,East
10323,2024-08-23,130,4,110.15,East
10324,2023-07-12,131,4,257.57,North
10325,2023-05-11,108,1,22.37,West
10326,2023-10-07,127,3,106.37,North
10327,2024-10-14,145,4,179.82,West
10328,2023-01-20,150,3,147.74,South
10329,2023-08-25,138,1,14.21,West
10330,2023-07-06,120,4,140.05,East
10331,2023-04-07,141,5,56.71,East
10332,2024-02-02,105,5,200.09,North
10333,2023-03-27,102,3,83.53,West
10334,2023-08-06,118,3,159.17,East
10335,2023-03-11,132,3,107.15,North
10336,2024-10-11,106,5,101.99,South
10337,2024-12-11,144,1,13.04,West
10338,2023-09-10,142,5,242.46,East
10339,2023-09-24,116,4,180.98,South
10340,2023-04-30,124,5,115.07,South
10341,2024-07-16,133,5,278.42,West
10342,2024-07-17,115,4,186.26,North
10343,2024-07-26,144,3,41.81,South
10344,2024-02-20,136,3,31.38,West
10345,2023-06-01,111,1,58.42,North
10346,2023-02-23,126,4,109.24,North
10347,2024-02-28,118,1,57.35,West
10348,2024-06-07,148,1,53.02,West
10349,2024-01-28,107,1,59.48,East
10350,2024-01-21,135,3,55.74,North
10351,2024-05-12,107,5,299.39,East
10352,2023-09-11,134,1,42.19,North
10353,2024-03-13,111,4,230.67,North
10354,2023-03-16,150,4,190.62,West
10355,2024-03-16,104,5,98.75,North
10356,2024-01-20,129,5,299.4,South
10357,2024-06-02,110,1,30.81,South
10358,2024-12-01,119,4,198.31,South
10359,2024-03-24,141,2,23.0,South
10360,2023-02-08,145,1,45.45,North
10361,2023-04-21,111,5,286.76,East
10362,2023-08-17,124,2,47.88,West
10363,2024-03-12,140,4,101.26,East
10364,2023-07-18,119,1,50.27,West
10365,2024-10-05,106,1,20.58,South
10366,2023-04-02,134,4,177.78,North
10367,2024-05-08,104,4,81.28,East
10368,2023-09-20,147,3,42.76,North
10369,2024-11-04,119,2,104.17,North
10370,2024-08-25,124,1,22.54,North
10371,2023-11-02,138,2,29.12,North
10372,2024-12-28,120,3,108.2,South
10373,2024-12-07,147,2,28.37,West
10374,2023-04-14,143,5,303.37,East
10375,2024-09-11,102,4,111.35,West
10376,2024-07-05,114,2,43.44,South
10377,2024-03-20,110,5,151.35,West
10378,2024-01-30,102,1,27.6,East
10379,2023-08-22,119,2,107.09,East
10380,2023-07-26,110,2,60.57,North
10381,2024-02-23,113,4,224.44,North
10382,2024-07-08,108,3,64.57,South
10383,2023-04-29,133,4,211.52,East
10384,2024-04-12,129,3,185.26,West
10385,2023-03-22,104,3,56.7,East
10386,2023-10-31,147,5,71.58,South
10387,2024-04-17,114,2,44.74,West
10388,2024-07-19,119,1,49.77,West
10389,2024-03-31,112,1,40.41,North
10390,2023-10-20,110,4,121.46,South
10391,2023-06-02,111,3,177.15,South
10392,2024-11-30,143,4,224.35,West
10393,2024-04-28,122,4,70.83,North
10394,2024-04-15,132,3,106.44,East
10395,2024-05-04,142,1,50.48,South
10396,2023-03-12,143,5,305.46,West
10397,2023-03-26,108,2,43.38,East
10398,2023-02-09,124,2,46.46,West
10399,2024-12-09,102,5,138.93,North
10400,2024-12-14,128,4,237.33,West
10401,2024-08-21,119,2,102.51,South
10402,2023-05-23,110,4,118.22,South
10403,2023-04-29,141,5,56.37,South
10404,2024-08-12,118,3,170.85,North
10405,2023-02-07,126,1,27.24,North
10406,2024-12-07,124,3,70.12,South
10407,2024-01-26,116,3,130.32,South
10408,2024-02-26,124,4,89.43,East
10409,2023-10-15,103,4,205.15,North
10410,2024-09-02,128,5,271.05,South
10411,2023-04-10,144,4,51.53,South
10412,2024-11-08,123,5,126.21,West
10413,2023-02-04,136,5,56.8,East
10414,2023-06-02,135,1,18.37,East
10415,2024-02-14,132,5,179.32,South
10416,2024-11-01,122,2,33.23,West
10417,2024-09-29,146,1,29.05,North
10418,2023-09-08,133,1,54.53,South
10419,2023-08-14,116,4,164.13,South
10420,2024-06-27,132,4,142.12,North
10421,2023-01-21,138,2,29.65,West
10422,2023-12-04,111,4,231.83,East
10423,2024-12-08,105,4,157.99,South
10424,2024-03-02,110,4,114.09,South
10425,2024-05-27,119,3,155.18,North
10426,2024-07-20,122,4,65.01,South
10427,2023-10-25,111,2,115.79,North
10428,2024-01-23,134,3,134.98,West
10429,2024-05-07,115,1,47.02,East
10430,2023-02-11,107,2,120.1,South
10431,2024-04-13,124,2,45.93,South
10432,2023-03-15,141,1,11.41,East
10433,2023-06-30,145,4,169.11,West
10434,2023-05-30,131,4,249.92,North
10435,2024-07-31,134,4,180.62,West
10436,2023-04-28,133,4,216.3,North
10437,2023-07-30,134,4,170.37,South
10438,2024-09-29,108,2,42.54,West
10439,2024-09-25,117,5,105.92,South
10440,2024-07-30,145,1,45.36,North
10441,2023-11-30,138,5,71.73,East
10442,2023-08-18,118,2,105.52,South
10443,2024-10-29,142,1,48.09,North
10444,2023-04-07,134,4,181.29,East
10445,2023-10-11,135,2,36.88,South
10446,2024-03-25,117,1,21.8,East
10447,2024-11-09,105,5,194.32,South
10448,2024-07-02,111,4,233.4,West
10449,2024-08-20,113,5,257.96,East
10450,2023-08-22,149,5,260.9,West
10451,2023-07-18,118,3,159.4,West
10452,2023-10-31,107,2,122.88,West
10453,2024-05-07,127,1,33.18,East
10454,2024-08-21,109,4,29.1,North
10455,2023-09-27,133,2,107.4,South
10456,2024-12-06,131,5,304.83,West
10457,2024-03-04,108,5,108.28,South
10458,2024-04-05,116,2,87.2,East
10459,2023-07-23,109,4,30.97,South
10460,2023-02-18,131,4,260.38,East
10461,2023-07-10,146,5,138.27,North
10462,2024-05-16,119,3,161.14,South
10463,2024-04-06,109,1,7.41,North
10464,2023-02-17,150,1,49.47,East
10465,2023-12-28,120,4,149.13,East
10466,2023-01-29,105,3,123.24,North
10467,2023-07-21,112,4,159.86,South
10468,2023-08-12,119,5,265.6,North
10469,2024-05-19,122,1,16.81,East
10470,2023-10-24,136,3,33.63,North
10471,2023-04-20,123,1,27.37,West
10472,2023-11-02,142,2,96.56,North
10473,2024-08-01,104,5,99.37,North
10474,2024-08-21,118,5,278.28,North
10475,2023-08-16,135,3,51.85,West
10476,2023-07-11,143,4,223.66,South
10477,2023-05-11,109,2,15.32,East
10478,2023-04-08,134,3,134.43,North
10479,2023-05-08,143,4,230.93,North
10480,2024-01-06,126,1,27.88,West
10481,2023-02-07,143,1,60.7,North
10482,2024-06-23,135,3,52.11,West
10483,2023-10-31,135,2,36.25,West
10484,2023-11-20,102,3,84.32,West
10485,2024-10-14,143,3,168.18,West
10486,2023-03-17,134,5,221.82,West
10487,2024-11-04,105,3,124.61,East
10488,2023-10-26,135,2,36.92,South
10489,2023-11-14,128,5,272.57,South
10490,2023-02-26,137,2,25.83,East
10491,2024-08-17,127,3,100.25,North
10492,2023-03-08,112,5,197.4,East
10493,2024-03-13,113,3,167.84,East
10494,2024-06-27,135,5,88.89,East
10495,2024-10-04,111,2,109.78,East
10496,2024-03-22,134,5,207.79,East
10497,2024-01-24,111,1,53.41,West
10498,2023-11-11,139,4,233.36,South
10499,2024-03-15,119,1,53.24,North
10500,2023-12-14,123,4,107.23,East
10501,2023-12-18,126,4,114.1,West
10502,2023-03-02,111,5,279.98,East
10503,2024-12-16,150,2,92.92,East
10504,2023-02-25,126,2,58.81,South
10505,2023-03-30,120,5,176.7,West
10506,2023-06-26,139,1,57.79,South
10507,2023-04-26,141,1,11.23,North
10508,2023-06-04,130,3,82.35,West
10509,2023-03-18,142,1,51.06,South
10510,2023-02-25,141,4,43.08,North
10511,2023-08-29,102,1,30.41,North
10512,2024-01-12,107,1,59.3,North
10513,2024-10-07,113,1,52.77,North
10514,2024-02-20,140,5,139.47,North
10515,2024-11-11,136,3,32.61,West
10516,2023-11-15,104,2,38.59,North
10517,2024-03-11,150,4,190.83,West
10518,2023-03-31,139,3,174.52,West
10519,2023-11-13,107,3,174.45,West
10520,2023-01-15,104,2,37.28,East
10521,2024-11-06,133,2,104.03,North
10522,2023-02-16,138,2,28.7,South
10523,2024-10-02,110,3,87.86,South
10524,2023-08-04,123,4,108.15,West
10525,2024-01-02,128,5,296.79,South
10526,2023-02-22,123,5,139.46,East
10527,2024-04-19,122,5,81.66,North
10528,2024-02-06,123,2,52.39,East
10529,2024-02-28,117,5,106.45,West
10530,2024-09-18,103,3,159.7,North
10531,2024-06-24,114,1,20.58,West
10532,2024-06-10,150,5,227.09,West
10533,2024-01-02,128,2,116.3,North
10534,2023-09-14,132,4,137.42,North
10535,2023-04-22,137,2,26.32,North
10536,2024-05-22,117,5,107.29,East
10537,2024-08-26,139,4,225.74,South
10538,2024-12-04,148,1,55.83,East
10539,2024-05-22,119,3,157.56,North
10540,2024-04-22,112,5,194.73,West
10541,2023-01-24,124,2,46.96,West
10542,2023-12-09,113,4,222.12,South
10543,2024-11-13,112,4,163.77,South
10544,2023-01-10,123,1,26.34,West
10545,2024-04-22,126,5,145.94,West
10546,2023-08-06,130,1,28.35,West
10547,2023-06-12,141,3,33.09,North
10548,2024-03-08,110,1,29.07,East
10549,2023-07-13,116,1,43.42,East
10550,2024-11-19,109,1,7.82,South
10551,2024-08-26,147,3,41.4,East
10552,2024-11-08,107,5,298.5,South
10553,2023-08-05,116,5,213.2,North
10554,2023-02-20,141,2,21.7,North
10555,2024-10-22,144,5,68.81,North
10556,2023-11-15,127,4,132.2,West
10557,2024-04-30,107,2,125.09,East
10558,2023-11-29,113,1,56.02,East
10559,2024-07-31,114,4,83.71,East
10560,2023-03-10,143,4,245.87,East
10561,2024-07-24,143,2,121.86,North
10562,2024-12-17,105,1,39.86,West
10563,2024-05-30,103,4,197.18,West
10564,2023-10-06,123,3,77.08,West
10565,2023-10-20,101,5,135.28,North
10566,2023-06-22,143,4,225.4,South
10567,2023-12-08,118,4,231.69,East
10568,2023-02-20,121,1,38.6,North
10569,2024-09-09,105,1,39.46,North
10570,2023-08-18,144,1,13.78,South
10571,2024-04-30,105,1,38.96,East
10572,2023-12-16,112,5,200.55,East
10573,2024-05-17,127,3,104.63,South
10574,2023-09-29,145,1,44.4,West
10575,2023-06-06,103,2,106.61,North
10576,2024-07-05,131,3,196.18,South
10577,2024-09-28,113,5,266.55,West
10578,2023-08-29,139,3,165.16,East
10579,2024-12-18,133,4,217.69,West
10580,2024-05-25,121,4,160.64,East
10581,2023-10-14,135,5,92.81,South
10582,2023-04-04,104,4,80.99,West
10583,2024-08-23,138,4,58.53,North
10584,2024-12-11,147,4,55.41,North
10585,2023-12-26,135,4,72.43,North
10586,2023-01-30,137,3,40.18,South
10587,2023-08-03,124,1,23.62,South
10588,2023-06-15,141,1,11.05,East
10589,2024-11-10,136,3,31.76,West
10590,2023-06-01,101,5,135.69,East
10591,2023-09-17,122,3,51.74,West
10592,2023-01-07,106,1,20.31,South
10593,2023-06-24,125,2,118.46,East
10594,2023-08-22,132,1,36.19,West
10595,2024-01-27,125,3,178.6,South
10596,2024-09-28,105,1,39.73,West
10597,2024-04-23,132,1,35.93,West
10598,2023-01-20,124,3,71.66,South
10599,2023-11-14,132,2,70.41,East
10600,2024-12-22,118,5,279.64,North
10601,2024-12-05,115,1,43.98,East
10602,2023-06-05,137,5,67.13,South
10603,2023-09-15,124,3,69.25,South
10604,2024-07-09,108,1,21.43,West
10605,2023-06-24,109,3,22.78,East
10606,2024-12-19,133,5,276.73,South
10607,2024-01-19,137,2,25.63,East
10608,2023-05-02,107,1,62.56,East
10609,2023-08-06,126,2,55.08,West
10610,2023-10-03,150,1,48.06,East
10611,2024-06-07,125,4,233.02,North
10612,2024-11-28,144,5,69.37,West
10613,2023-07-31,144,1,13.21,West
10614,2023-12-15,124,4,96.6,North
10615,2024-08-22,140,4,101.9,East
10616,2023-05-22,125,2,120.91,North
10617,2023-11-26,148,4,224.09,South
10618,2024-05-08,136,4,45.49,East
10619,2024-07-15,145,3,126.88,South
10620,2024-12-20,146,3,86.15,West
10621,2024-02-21,127,5,163.3,East
10622,2024-04-10,119,2,103.81,West
10623,2024-02-26,147,1,13.84,West
10624,2024-09-24,109,3,22.76,West
10625,2023-09-10,104,5,101.25,West
10626,2024-09-28,146,3,86.19,East
10627,2024-06-25,108,3,67.31,West
10628,2024-03-28,150,2,97.79,North
10629,2024-09-10,103,4,195.57,West
10630,2023-04-14,102,5,152.19,West
10631,2024-08-22,116,4,168.24,South
10632,2024-07-27,136,5,54.81,East
10633,2024-08-31,150,1,44.88,North
10634,2023-06-07,148,3,169.93,South
10635,2024-11-16,150,3,145.53,North
10636,2024-06-29,144,3,41.41,West
10637,2023-04-11,133,3,157.54,West
10638,2023-09-16,105,3,116.35,North
10639,2023-06-18,130,4,110.69,South
10640,2023-03-20,102,2,60.6,North
10641,2023-06-24,111,5,273.16,West
10642,2023-10-11,132,5,189.51,North
10643,2023-08-04,142,5,237.71,South
10644,2023-08-25,134,5,224.81,North
10645,2023-11-17,135,5,86.6,East
10646,2024-01-21,129,4,248.8,South
10647,2023-03-01,133,2,108.27,South
10648,2023-02-12,117,4,84.71,East
10649,2024-12-01,132,5,180.5,North
10650,2023-02-24,119,1,50.1,South
10651,2024-04-16,113,3,163.18,West
10652,2023-03-25,123,5,131.68,West
10653,2024-06-30,135,4,75.06,East
10654,2024-09-09,134,1,44.34,South
10655,2023-02-16,145,5,219.84,South
10656,2023-09-26,125,2,125.42,North
10657,2023-12-27,139,5,271.79,East
10658,2023-08-31,146,5,151.99,East
10659,2023-05-30,116,4,174.86,West
10660,2024-09-23,144,4,50.83,West
10661,2024-01-04,108,2,44.95,West
10662,2024-01-28,119,2,102.18,East
10663,2023-08-01,114,2,40.46,West
10664,2024-01-25,115,2,91.32,North
10665,2023-02-23,141,2,21.08,North
10666,2023-04-12,131,4,266.02,North
10667,2024-11-07,117,5,109.46,South
10668,2023-08-22,116,3,124.92,East
10669,2023-07-20,115,1,45.81,South
10670,2024-04-27,112,5,193.65,East
10671,2024-01-03,149,5,248.84,East
10672,2024-11-12,147,3,42.26,North
10673,2024-06-28,143,4,241.53,East
10674,2023-11-15,150,3,139.14,East
10675,2024-05-20,112,2,80.2,North
10676,2024-04-21,102,5,146.67,West
10677,2023-07-11,119,4,205.11,West
10678,2024-06-18,112,2,78.67,East
10679,2024-02-27,107,1,57.36,East
10680,2024-06-16,139,3,167.77,West
10681,2024-05-15,128,3,166.06,West
10682,2024-02-12,108,2,43.44,South
10683,2024-08-15,125,3,192.09,North
10684,2024-07-01,110,5,147.41,South
10685,2023-09-07,107,5,301.28,North
10686,2023-11-15,104,5,95.09,North
10687,2023-07-07,131,3,199.82,West
10688,2024-11-22,145,2,88.13,West
10689,2023-12-08,132,3,104.2,South
10690,2023-03-24,133,2,109.32,North
10691,2023-11-20,125,3,192.67,East
10692,2023-03-09,146,2,60.49,East
10693,2023-11-03,104,1,20.41,North
10694,2023-01-31,112,1,40.52,West
10695,2024-11-28,135,3,54.83,South
10696,2023-10-16,125,2,125.71,East
10697,2023-07-30,107,1,59.2,South
10698,2024-04-12,114,3,63.89,East
10699,2023-12-30,108,4,88.17,South
10700,2024-03-28,142,1,47.88,East
10701,2023-12-05,132,2,71.43,East
10702,2023-10-06,137,5,67.02,South
10703,2024-05-17,117,3,65.44,South
10704,2023-01-06,119,1,53.34,West
10705,2023-04-01,139,5,290.95,West
10706,2024-04-05,139,5,280.65,South
10707,2024-04-06,150,5,225.45,East
10708,2024-10-28,132,2,70.51,South
10709,2024-05-27,138,3,45.22,North
10710,2023-05-16,137,5,69.77,West
10711,2024-04-16,107,1,61.61,West
10712,2024-10-31,120,4,138.23,North
10713,2024-12-14,135,1,18.13,South
10714,2023-09-26,113,3,166.33,North
10715,2024-03-28,127,2,65.64,East
10716,2023-04-09,126,5,133.4,West
10717,2023-10-26,122,4,66.48,South
10718,2023-11-09,120,2,75.8,West
10719,2023-11-12,124,2,48.05,South
10720,2023-07-04,134,5,223.9,North
10721,2023-11-25,107,5,292.6,South
10722,2024-02-16,134,1,45.08,North
10723,2023-02-13,111,2,108.52,East
10724,2024-06-12,113,3,155.66,West
10725,2024-10-15,111,5,289.61,West
10726,2024-07-16,122,5,82.46,West
10727,2023-02-20,135,5,89.21,West
10728,2023-02-24,148,4,224.88,South
10729,2024-03-26,133,4,222.27,West
10730,2023-06-23,126,1,26.69,East
10731,2024-02-20,116,3,123.52,East
10732,2023-12-08,117,1,22.05,North
10733,2023-05-09,122,3,49.3,North
10734,2024-08-09,109,1,7.14,West
10735,2023-04-02,147,1,13.02,West
10736,2024-03-26,138,4,60.09,South
10737,2023-11-12,101,2,51.21,North
10738,2024-06-30,117,4,90.11,East
10739,2024-04-25,144,3,40.31,West
10740,2024-02-26,106,1,20.59,South
10741,2023-06-04,112,3,122.79,South
10742,2024-11-09,140,1,25.22,West
10743,2024-08-09,142,5,258.96,West
10744,2024-01-10,136,1,10.66,West
10745,2023-11-16,135,2,37.6,East
10746,2023-07-14,116,2,84.68,West
10747,2024-12-14,102,2,58.49,North
10748,2023-10-23,127,5,161.6,North
10749,2023-05-25,106,5,99.51,South
10750,2023-03-16,116,3,136.06,West
10751,2023-02-26,133,1,56.17,North
10752,2023-10-23,110,2,57.26,West
10753,2023-10-17,138,3,45.2,East
10754,2023-04-07,121,1,39.08,East
10755,2024-05-15,109,2,15.31,South
10756,2023-08-21,149,3,144.8,North
10757,2024-01-19,146,3,89.39,North
10758,2023-01-26,120,4,146.04,North
10759,2024-10-04,139,4,211.67,East
10760,2024-10-26,140,5,128.59,East
10761,2023-02-12,107,3,185.7,East
10762,2024-12-25,103,1,49.46,West
10763,2024-09-09,106,5,100.55,West
10764,2023-07-18,121,2,85.22,East
10765,2024-02-14,139,4,222.63,South
10766,2023-07-12,145,3,129.98,North
10767,2023-12-19,143,2,118.79,West
10768,2023-01-17,115,5,220.31,North
10769,2023-05-06,114,5,109.29,West
10770,2023-09-02,140,5,136.55,East
10771,2024-08-10,149,1,48.82,South
10772,2024-05-22,141,2,23.24,South
10773,2024-04-21,132,1,35.14,West
10774,2023-10-21,103,5,253.46,South
10775,2024-04-23,128,5,287.19,East
10776,2024-09-26,116,1,42.87,East
10777,2023-05-19,144,1,13.3,South
10778,2023-08-01,134,4,169.57,East
10779,2023-07-30,101,1,26.23,West
10780,2024-01-31,136,1,10.46,North
10781,2024-07-13,103,4,211.84,West
10782,2024-12-04,102,4,110.61,East
10783,2023-01-02,126,5,143.24,East
10784,2023-05-12,107,5,305.55,North
10785,2023-03-19,106,2,40.26,North
10786,2023-03-10,115,4,191.95,South
10787,2024-02-28,143,5,288.14,East
10788,2023-05-07,118,4,212.3,West
10789,2024-08-14,119,2,104.75,North
10790,2024-02-22,112,2,78.04,North
10791,2023-10-06,135,5,89.9,South
10792,2023-01-09,137,4,53.08,East
10793,2023-05-25,127,5,173.77,West
10794,2024-11-05,112,2,79.76,South
10795,2023-01-29,129,3,194.78,North
10796,2024-05-29,102,4,111.29,West
10797,2024-10-10,113,2,111.27,East
10798,2024-11-29,102,1,27.7,East
10799,2023-11-19,148,1,56.16,North
10800,2023-06-30,144,5,69.99,North
10801,2024-06-21,104,1,19.41,West
10802,2023-01-14,132,1,37.55,East
10803,2024-04-20,141,2,22.78,East
10804,2024-02-12,117,5,107.02,West
10805,2024-11-27,126,1,27.18,East
10806,2023-12-01,136,2,21.44,North
10807,2024-08-27,108,3,62.47,East
10808,2024-09-12,150,5,242.26,South
10809,2023-08-22,136,1,11.14,North
10810,2023-10-28,143,4,223.23,East
10811,2024-02-15,143,5,277.45,North
10812,2024-05-19,137,1,12.69,South
10813,2023-12-07,148,3,156.5,East
10814,2024-12-21,127,1,34.3,South
10815,2024-09-05,149,3,148.09,South
10816,2023-12-11,107,2,125.72,South
10817,2023-10-02,101,3,73.62,East
10818,2024-10-11,137,3,41.49,West
10819,2023-10-20,119,4,217.7,West
10820,2024-02-27,142,5,255.64,South
10821,2024-02-10,132,4,145.17,South
10822,2023-09-30,134,1,43.53,West
10823,2024-10-01,142,2,100.07,East
10824,2024-07-10,115,3,134.49,East
10825,2024-09-30,105,1,41.51,South
10826,2024-03-27,121,5,211.72,South
10827,2023-02-04,107,5,311.33,West
10828,2023-04-25,145,1,44.88,South
10829,2024-02-17,124,2,47.42,East
10830,2023-02-11,103,3,158.13,West
10831,2023-08-03,106,2,38.27,East
10832,2024-12-20,118,4,230.98,East
10833,2023-12-20,106,1,18.72,West
10834,2023-07-25,109,2,14.71,West
10835,2024-06-20,105,5,188.87,North
10836,2023-10-14,123,4,100.58,East
10837,2024-09-11,144,4,53.86,East
10838,2023-05-29,116,2,90.15,East
10839,2023-03-16,142,4,191.13,East
10840,2024-10-04,124,1,21.85,South
10841,2023-06-26,140,1,26.98,North
10842,2023-10-08,120,4,151.98,South
10843,2024-12-20,147,2,28.3,South
10844,2024-01-09,143,5,306.82,South
10845,2023-11-08,136,2,22.59,West
10846,2024-07-13,109,3,22.57,North
10847,2023-03-29,139,3,173.2,North
10848,2023-06-27,126,2,56.07,South
10849,2024-06-15,143,4,228.09,West
10850,2023-08-14,147,2,26.95,North
10851,2024-12-19,118,2,105.11,West
10852,2023-05-08,125,4,258.22,North
10853,2024-02-27,129,2,120.05,East
10854,2024-08-02,149,2,102.22,West
10855,2023-12-25,121,2,82.19,West
10856,2023-11-04,129,1,63.45,North
10857,2023-09-26,113,3,155.47,North
10858,2024-10-01,125,2,125.86,South
10859,2024-11-24,121,3,128.45,East
10860,2024-05-24,131,4,246.27,South
10861,2024-12-24,110,3,89.01,West
10862,2023-11-07,147,5,69.68,East
10863,2024-11-17,102,4,113.98,West
10864,2024-08-30,125,3,180.43,East
10865,2023-01-02,106,1,20.2,North
10866,2023-02-20,148,5,263.69,East
10867,2024-09-01,103,5,245.47,East
10868,2024-05-06,110,2,61.05,North
10869,2023-03-15,148,3,156.53,North
10870,2023-05-06,128,4,235.91,North
10871,2024-12-01,131,1,67.15,West
10872,2023-11-13,120,2,73.02,West
10873,2023-08-15,150,3,147.32,West
10874,2024-11-04,130,5,146.76,West
10875,2023-06-08,126,2,54.98,North
10876,2024-09-04,141,5,55.38,North
10877,2024-12-01,133,5,264.28,North
10878,2024-07-08,138,4,59.21,West
10879,2023-04-26,127,1,34.38,East
10880,2023-01-06,108,5,102.6,South
10881,2024-06-30,147,2,26.91,North
10882,2024-11-17,115,5,220.22,South
10883,2023-03-13,141,1,11.32,North
10884,2024-08-17,124,5,114.39,East
10885,2024-09-16,109,1,7.56,South
10886,2024-08-24,127,2,70.83,North
10887,2023-09-07,117,2,45.19,West
10888,2023-05-18,142,4,189.96,West
10889,2023-05-09,144,5,70.12,South
10890,2023-12-23,131,5,312.99,North
10891,2024-09-21,103,2,104.27,South
10892,2023-07-05,109,2,15.28,West
10893,2024-09-19,106,2,38.63,North
10894,2023-12-17,135,1,18.66,South
10895,2024-10-15,142,5,260.58,West
10896,2023-03-01,130,2,55.09,North
10897,2024-01-12,112,2,83.34,South
10898,2023-11-24,102,5,148.8,East
10899,2024-05-20,149,5,254.22,South
10900,2023-03-26,149,4,200.62,West
10901,2023-03-19,129,5,317.14,West
10902,2024-01-07,129,1,63.07,North
10903,2024-05-15,133,3,156.53,East
10904,2024-07-18,134,4,164.43,East
10905,2023-11-21,112,3,118.18,East
10906,2024-05-28,138,2,29.16,North
10907,2024-11-20,122,3,49.87,South
10908,2024-03-08,142,1,51.67,South
10909,2024-08-15,122,1,17.07,East
10910,2024-11-29,119,5,256.05,South
10911,2023-07-26,108,2,43.89,East
10912,2023-04-20,130,1,27.57,East
10913,2024-06-26,119,2,105.49,East
10914,2024-05-21,106,4,81.42,West
10915,2024-04-19,114,1,20.82,North
10916,2024-11-24,128,1,54.89,South
10917,2024-09-30,139,3,167.11,North
10918,2024-10-31,127,4,140.3,South
10919,2024-09-22,114,1,21.98,West
10920,2024-07-10,106,2,38.24,North
10921,2023-08-18,105,2,77.4,East
10922,2023-03-18,126,4,116.23,South
10923,2023-12-12,136,4,44.48,East
10924,2023-01-06,106,4,82.37,North
10925,2023-12-05,110,1,30.87,East
10926,2023-01-01,103,4,194.21,North
10927,2024-05-03,106,5,96.24,South
10928,2023-07-16,107,5,306.38,South
10929,2024-09-16,114,1,20.4,North
10930,2023-06-03,122,2,35.45,East
10931,2024-03-04,110,4,118.51,North
10932,2024-05-28,134,5,206.86,West
10933,2023-12-01,142,5,243.73,North
10934,2023-10-01,108,1,22.21,North
10935,2024-01-15,143,1,58.81,East
10936,2024-03-10,123,5,130.78,East
10937,2023-01-23,108,1,22.44,South
10938,2023-10-09,104,3,58.05,South
10939,2024-04-02,149,5,254.21,North
10940,2024-11-29,141,2,21.6,South
10941,2024-05-06,114,1,22.29,East
10942,2024-10-27,122,3,53.05,East
10943,2023-12-06,133,2,109.08,South
10944,2023-04-23,121,4,154.45,North
10945,2024-01-31,123,3,76.77,South
10946,2024-09-27,109,5,37.12,East
10947,2023-02-06,143,2,111.23,South
10948,2024-02-11,114,5,111.06,West
10949,2024-04-23,119,3,149.98,North
10950,2024-12-01,112,2,77.99,East
10951,2023-09-03,120,5,189.22,South
10952,2023-07-24,117,5,112.28,South
10953,2023-11-26,110,5,146.93,South
10954,2024-09-07,142,4,205.94,South
10955,2023-08-19,102,4,117.19,East
10956,2024-12-23,141,2,22.11,East
10957,2024-09-12,112,1,38.1,West
10958,2024-08-28,119,4,217.63,West
10959,2024-12-10,104,5,100.31,South
10960,2023-12-24,138,4,61.02,North
10961,2023-12-20,142,4,205.63,East
10962,2024-02-11,129,4,245.24,South
10963,2024-07-07,133,4,220.77,South
10964,2023-01-14,109,4,28.93,East
10965,2024-04-03,145,4,179.14,East
10966,2024-02-17,145,5,212.57,North
10967,2023-10-21,104,3,55.94,West
10968,2023-07-28,112,1,40.36,North
10969,2024-08-24,105,4,154.0,East
10970,2023-09-20,103,3,156.1,South
10971,2024-04-07,147,2,27.35,South
10972,2023-08-10,119,3,154.19,South
10973,2024-09-13,150,3,136.59,West
10974,2024-07-16,105,2,78.1,East
10975,2023-11-01,139,1,55.23,West
10976,2023-11-19,147,1,13.25,West
10977,2024-07-29,133,3,158.82,West
10978,2023-11-19,150,3,138.5,South
10979,2023-01-14,106,5,101.4,East
10980,2024-10-16,102,1,30.05,South
10981,2024-02-25,110,4,124.05,North
10982,2023-12-06,128,5,271.98,North
10983,2024-09-04,133,3,164.86,East
10984,2023-09-17,120,1,38.18,West
10985,2024-09-25,131,4,266.98,South
10986,2023-11-21,131,2,122.0,South
10987,2023-10-02,146,4,110.95,South
10988,2024-06-03,148,5,267.37,North
10989,2023-12-06,139,4,224.54,South
10990,2023-02-25,107,4,252.86,East
10991,2023-07-01,142,1,48.54,East
10992,2024-02-03,109,1,7.45,East
10993,2024-09-26,143,2,123.07,East
10994,2024-05-03,118,2,113.59,North
10995,2023-08-21,121,3,123.57,North
10996,2024-08-10,107,3,182.19,South
10997,2024-02-28,114,2,43.69,East
10998,2023-01-06,117,3,67.83,East
10999,2023-06-30,134,3,133.36,North
11000,2024-02-21,117,5,105.76,East
11001,2023-02-24,103,4,196.45,South
11002,2023-05-29,105,4,153.71,East
11003,2024-12-08,146,4,110.1,West
11004,2024-12-05,104,5,102.86,East
11005,2024-12-07,143,2,118.29,North
11006,2024-05-22,121,5,206.07,West
11007,2024-07-19,117,1,21.49,West
11008,2024-04-12,139,1,53.33,South
11009,2023-09-27,120,5,187.43,North
11010,2024-05-09,119,2,99.75,North
11011,2024-08-29,132,3,109.35,North
11012,2023-04-20,106,4,79.36,East
11013,2024-07-09,134,5,218.5,North
11014,2023-08-13,127,2,65.4,West
11015,2024-10-13,149,4,200.51,South
11016,2024-08-02,111,5,291.73,North
11017,2023-03-16,144,2,26.58,North
11018,2024-03-13,121,5,203.11,North
11019,2024-04-25,142,3,143.38,West
11020,2023-09-20,108,3,61.73,East
11021,2024-10-26,126,3,82.68,East
11022,2023-09-18,118,1,53.1,West
11023,2024-04-06,134,3,123.22,West
11024,2024-10-10,106,3,62.09,West
11025,2023-05-03,119,1,51.37,East
11026,2024-09-28,132,3,110.37,North
11027,2023-02-25,110,5,156.67,North
11028,2024-11-21,136,2,22.7,South
11029,2024-02-05,114,2,43.36,North
11030,2024-05-08,124,3,69.2,West
11031,2023-09-23,109,5,37.9,East
11032,2024-07-31,122,2,34.55,North
11033,2023-10-27,130,1,27.89,West
11034,2023-08-12,112,5,201.68,East
11035,2023-10-20,111,2,114.26,East
11036,2024-09-02,102,5,151.4,North
11037,2023-12-01,117,4,90.41,North
11038,2023-01-26,137,5,66.39,East
11039,2023-01-12,107,3,173.79,East
11040,2023-05-02,115,2,95.02,North
11041,2024-05-16,126,4,110.31,South
11042,2024-12-12,111,2,116.59,North
11043,2023-02-14,115,2,88.92,West
11044,2024-09-20,114,1,21.33,West
11045,2023-08-11,114,3,66.2,East
11046,2024-10-14,140,4,101.74,West
11047,2023-10-15,112,2,76.64,North
11048,2024-02-10,141,2,21.93,North
11049,2023-09-17,148,3,163.19,East
11050,2024-11-01,130,5,145.99,West
11051,2023-03-28,103,2,103.65,East
11052,2023-03-21,149,5,258.08,South
11053,2024-04-12,104,2,37.78,East
11054,2024-08-23,126,1,29.11,North
11055,2023-07-28,134,2,90.76,West
11056,2023-04-01,101,2,53.71,North
11057,2023-07-21,135,5,89.05,East
11058,2023-02-28,126,3,84.78,West
11059,2023-10-16,122,5,82.51,North
11060,2024-02-06,123,3,79.45,North
11061,2023-05-31,145,3,137.27,South
11062,2023-06-11,145,1,45.09,West
11063,2024-01-18,143,1,56.07,South
11064,2023-12-05,125,3,188.23,South
11065,2024-02-29,111,5,268.18,East
11066,2024-07-04,117,1,22.21,South
11067,2023-07-20,106,2,41.11,West
11068,2023-07-21,143,3,176.47,North
11069,2023-08-01,140,1,27.54,South
11070,2024-04-05,132,5,180.95,East
11071,2023-10-30,142,1,47.1,North
11072,2024-02-23,129,4,238.01,North
11073,2024-04-23,117,1,22.31,East
11074,2023-04-12,117,4,82.68,West
11075,2024-10-26,136,2,21.04,East
11076,2023-09-28,112,4,159.23,North
11077,2023-11-28,113,1,53.52,South
11078,2024-03-20,105,1,41.3,South
11079,2024-12-15,116,5,221.97,South
11080,2023-03-23,111,5,267.01,East
11081,2023-02-09,145,3,128.4,East
11082,2024-02-01,148,2,111.37,North
11083,2024-12-10,101,4,107.39,North
11084,2023-03-08,150,1,48.23,South
11085,2023-02-13,142,3,146.54,North
11086,2023-02-13,123,2,50.95,East
11087,2024-10-23,148,4,218.76,West
11088,2024-02-11,111,1,55.37,North
11089,2024-11-28,131,5,335.87,West
11090,2023-04-13,112,1,40.47,East
11091,2023-07-11,136,5,56.67,North
11092,2023-05-22,114,1,20.77,East
11093,2023-12-08,114,4,81.27,West
11094,2024-03-28,129,2,122.87,North
11095,2023-04-09,111,5,277.29,South
11096,2023-06-12,123,4,110.72,North
11097,2024-01-12,143,3,167.8,South
11098,2023-09-08,144,3,42.18,South
11099,2024-01-05,148,2,110.64,West
11100,2023-02-06,133,5,257.21,East
11101,2024-06-20,147,5,69.71,East
11102,2023-11-20,110,2,62.23,East
11103,2023-09-11,129,2,121.87,South
11104,2024-06-02,120,1,36.74,East
11105,2023-06-03,119,2,109.38,North
11106,2024-07-02,149,1,50.64,North
11107,2023-03-24,108,2,42.52,South
11108,2024-09-04,143,4,226.38,North
11109,2023-03-21,119,5,247.77,East
11110,2024-01-20,146,3,86.3,East
11111,2024-05-15,101,4,98.83,East
11112,2024-01-18,126,3,83.08,East
11113,2023-10-23,139,2,108.33,South
11114,2024-03-26,120,4,143.53,South
11115,2024-04-22,110,5,147.22,North
11116,2024-11-20,114,3,64.89,North
11117,2024-04-15,125,3,189.22,West
11118,2023-09-10,136,2,21.77,North
11119,2023-06-27,129,3,185.52,West
11120,2023-10-01,140,1,26.68,East
11121,2023-10-24,142,5,244.38,North
11122,2023-04-16,106,3,61.83,North
11123,2024-05-11,102,3,84.82,South
11124,2023-07-05,111,3,165.31,East
11125,2023-05-08,104,5,95.14,East
11126,2023-06-30,145,3,137.55,East
11127,2023-10-17,125,5,298.56,East
11128,2023-10-04,148,4,212.1,West
11129,2024-05-15,123,1,27.67,South
11130,2024-04-03,145,4,176.88,North
11131,2024-02-25,117,1,22.07,West
11132,2024-05-20,118,4,230.72,South
11133,2023-09-28,144,1,13.6,North
11134,2024-02-10,149,4,195.13,East
11135,2023-07-28,128,2,107.47,South
11136,2024-10-13,122,3,50.73,North
11137,2024-04-13,101,1,25.13,West
11138,2023-05-03,120,5,176.85,South
11139,2024-02-09,101,2,54.21,South
11140,2023-02-04,139,5,265.44,North
11141,2024-08-18,120,3,107.32,South
11142,2023-11-05,140,3,76.11,East
11143,2023-09-13,115,5,219.29,South
11144,2023-04-12,123,4,103.23,North
11145,2024-04-07,106,3,61.58,North
11146,2023-03-20,120,1,37.33,North
11147,2023-05-21,143,3,174.13,South
11148,2024-04-30,143,2,119.35,South
11149,2024-06-23,147,2,28.51,East
11150,2024-12-01,105,3,119.22,North
11151,2023-10-10,144,5,63.92,South
11152,2024-06-10,111,4,237.2,West
11153,2023-01-27,131,2,124.44,South
11154,2024-01-26,118,1,54.54,East
11155,2024-01-08,106,1,19.71,South
11156,2024-04-04,106,1,18.93,East
11157,2023-03-10,143,3,174.19,North
11158,2023-10-18,123,5,129.96,North
11159,2023-02-23,125,3,187.48,North
11160,2024-06-06,138,1,14.87,South
11161,2023-01-07,124,3,71.92,West
11162,2023-01-04,143,1,58.55,West
11163,2023-05-20,102,5,151.84,South
11164,2023-01-30,126,2,58.56,South
11165,2024-01-18,141,1,11.11,East
11166,2024-07-09,139,3,169.89,East
11167,2023-11-04,132,5,181.16,West
11168,2023-11-24,148,1,52.38,South
11169,2023-12-02,113,4,215.66,West
11170,2024-07-30,140,3,79.02,North
11171,2023-03-06,140,1,27.41,West
11172,2023-03-26,102,2,58.67,South
11173,2024-08-21,144,2,26.15,North
11174,2023-02-10,121,2,80.53,West
11175,2024-03-29,117,5,107.21,North
11176,2023-09-05,110,1,30.95,North
11177,2024-02-07,150,1,48.59,South
11178,2024-05-06,126,4,116.89,South
11179,2023-11-04,149,1,48.7,North
11180,2023-07-18,138,4,60.33,East
11181,2024-11-26,104,2,39.89,North
11182,2023-10-25,147,2,28.2,South
11183,2024-08-14,113,2,113.73,South
11184,2024-08-15,119,1,51.6,North
11185,2023-07-14,149,4,208.52,South
11186,2023-03-21,139,3,160.22,West
11187,2024-11-24,139,2,115.18,East
11188,2024-04-21,144,5,63.75,South
11189,2024-08-04,138,5,72.08,West
11190,2024-05-02,141,2,21.8,North
11191,2024-04-03,104,1,20.38,South
11192,2024-05-17,137,4,51.8,East
11193,2024-02-07,125,5,305.11,South
11194,2023-01-27,131,2,131.62,West
11195,2023-10-12,139,5,269.78,South
11196,2024-02-22,124,3,68.49,East
11197,2024-08-16,124,1,23.67,West
11198,2024-02-19,145,5,214.91,South
11199,2024-08-25,121,2,78.09,South
11200,2023-05-21,130,5,138.83,East
11201,2024-05-08,149,4,196.06,West
11202,2023-06-22,121,2,77.53,East
11203,2024-02-11,148,2,107.94,North
11204,2024-05-19,134,4,175.91,East
11205,2024-12-16,109,3,22.42,West
11206,2024-01-16,144,2,27.75,North
11207,2024-08-25,111,4,235.5,South
11208,2024-07-20,148,1,53.2,South
11209,2023-11-21,131,3,185.32,South
11210,2024-10-11,114,3,63.23,South
11211,2024-07-07,115,1,46.24,North
11212,2023-09-10,120,5,184.98,East
11213,2023-04-18,119,1,52.6,West
11214,2024-05-04,105,2,80.97,North
11215,2023-05-12,126,2,54.6,West
11216,2024-11-27,132,1,34.88,East
11217,2023-01-29,134,2,89.22,East
11218,2023-01-18,110,5,145.3,North
11219,2023-04-23,136,4,43.33,East
11220,2024-04-19,117,5,107.01,South
11221,2023-09-02,112,5,199.68,East
11222,2023-01-25,119,2,103.57,North
11223,2024-12-07,112,3,119.08,West
11224,2023-11-27,126,3,84.0,South
11225,2023-06-12,111,2,111.82,West
11226,2023-02-27,133,3,162.74,South
11227,2023-07-13,109,2,14.2,East
11228,2024-02-17,110,5,146.2,West
11229,2023-03-31,102,3,83.75,West
11230,2024-06-30,136,3,32.09,South
11231,2023-04-08,138,1,14.39,East
11232,2024-08-14,115,3,132.58,West
11233,2024-01-31,122,5,84.86,South
11234,2023-12-19,146,2,55.69,West
11235,2024-03-28,126,5,136.51,East
11236,2023-05-13,134,3,122.7,South
11237,2024-12-06,113,3,160.12,East
11238,2023-07-21,127,1,32.53,West
11239,2023-11-22,111,2,112.91,South
11240,2024-09-29,122,4,65.76,North
11241,2023-12-11,141,1,11.57,South
11242,2023-07-03,128,2,116.55,South
11243,2023-05-07,125,1,61.74,South
11244,2024-01-09,106,1,18.69,West
11245,2023-09-16,102,1,28.96,South
11246,2023-11-20,146,1,28.43,South
11247,2023-05-26,120,1,36.93,East
11248,2024-08-31,132,1,36.9,West
11249,2024-10-04,108,5,110.54,North
11250,2024-09-16,135,5,92.23,South
11251,2024-11-09,120,5,174.15,South
11252,2023-09-08,147,2,27.85,West
11253,2024-02-20,119,2,101.87,East
11254,2024-07-06,136,5,52.49,West
11255,2024-04-11,147,1,13.65,North
11256,2023-12-19,135,3,52.58,East
11257,2023-08-09,119,5,259.41,South
11258,2023-09-29,103,2,97.26,West
11259,2023-05-01,104,2,40.03,North
11260,2023-06-09,106,2,40.94,North
11261,2024-02-08,127,4,136.27,East
11262,2024-04-10,132,3,110.92,West
11263,2024-11-17,148,5,261.44,East
11264,2023-05-05,150,3,139.63,South
11265,2023-02-26,135,5,86.95,North
11266,2024-11-26,107,3,174.37,North
11267,2024-10-03,139,1,53.15,East
11268,2023-10-10,139,4,220.38,East
11269,2024-03-29,138,1,15.33,West
11270,2023-09-29,133,1,51.75,West
11271,2024-10-07,146,3,89.83,West
11272,2023-09-14,146,1,28.96,North
11273,2024-05-16,112,5,208.5,East
11274,2024-07-18,147,4,54.98,North
11275,2023-06-27,127,4,137.7,East
11276,2023-06-20,104,1,19.09,West
11277,2023-11-30,123,1,27.87,South
11278,2024-01-23,123,5,138.18,West
11279,2023-08-12,147,1,13.16,South
11280,2024-12-10,132,3,110.64,East
11281,2024-11-12,116,1,42.64,North
11282,2023-09-15,114,3,65.99,West
11283,2023-09-07,117,2,41.96,North
11284,2023-03-13,111,1,58.25,South
11285,2023-06-12,140,1,26.1,South
11286,2024-02-23,149,2,102.92,East
11287,2024-05-28,112,4,156.43,West
11288,2024-07-08,106,4,81.18,North
11289,2023-03-29,143,5,279.43,East
11290,2023-07-08,143,5,280.57,North
11291,2024-07-21,113,1,55.94,South
11292,2024-06-28,108,3,67.56,North
11293,2023-03-05,103,3,149.6,East
11294,2024-08-08,129,5,314.38,North
11295,2024-05-11,138,2,28.77,North
11296,2024-01-15,139,1,55.21,South
11297,2023-01-06,142,4,207.18,North
11298,2023-10-26,116,2,87.59,East
11299,2024-03-17,104,4,75.73,South
11300,2023-03-13,118,3,159.77,West
11301,2024-02-23,114,5,109.22,South
11302,2023-06-09,105,4,161.23,South
11303,2024-12-01,144,5,66.17,West
11304,2023-01-17,132,3,114.22,East
11305,2023-07-25,113,4,210.13,South
11306,2024-11-03,104,1,19.53,East
11307,2024-11-30,147,4,57.3,West
11308,2023-06-14,120,4,141.85,North
11309,2024-06-29,108,2,44.31,South
11310,2023-09-23,130,3,88.3,East
11311,2023-11-16,114,3,61.0,North
11312,2024-06-14,120,5,187.7,East
11313,2024-10-09,139,2,110.59,West
11314,2024-08-02,144,2,25.37,West
11315,2023-01-24,135,4,74.47,West
11316,2023-08-27,110,2,61.2,East
11317,2024-07-09,140,1,27.23,East
11318,2024-06-11,105,1,38.56,West
11319,2023-07-17,147,1,14.13,South
11320,2024-04-02,120,2,70.06,East
11321,2023-03-25,125,4,252.05,South
11322,2023-10-23,129,5,308.82,West
11323,2023-07-17,142,3,150.11,North
11324,2023-01-25,147,3,39.95,North
11325,2023-11-21,118,1,56.37,South
11326,2024-04-28,114,3,65.93,East
11327,2024-03-17,119,3,156.6,West
11328,2023-02-08,116,5,212.98,North
11329,2023-06-09,137,2,26.79,South
11330,2024-07-30,116,3,131.08,North
11331,2024-01-12,104,5,95.62,North
11332,2024-10-25,104,3,58.34,West
11333,2023-02-11,146,5,150.99,East
11334,2023-01-07,112,1,40.64,East
11335,2023-02-10,131,1,61.15,East
11336,2023-01-27,142,1,48.1,East
11337,2024-07-22,116,2,87.2,West
11338,2023-02-14,132,4,150.01,North
11339,2024-06-13,133,2,111.84,East
11340,2023-01-06,127,2,65.28,South
11341,2023-03-09,121,3,119.97,East
11342,2023-09-03,149,1,47.53,North
11343,2024-06-07,109,2,15.52,East
11344,2023-08-23,146,2,60.42,East
11345,2024-11-10,117,2,43.76,South
11346,2023-10-12,150,3,147.75,South
11347,2023-11-03,137,2,26.37,South
11348,2023-08-30,113,3,161.34,West
11349,2024-12-05,116,2,87.42,West
11350,2023-04-19,146,4,117.34,South
11351,2024-01-30,143,3,167.87,West
11352,2023-06-27,144,3,40.83,East
11353,2024-02-20,104,4,80.87,West
11354,2023-09-30,146,2,59.45,South
11355,2024-10-04,140,2,50.55,East
11356,2024-11-30,113,1,52.49,East
11357,2024-07-11,117,3,68.0,East
11358,2023-05-23,143,2,119.42,South
11359,2024-12-26,127,4,132.37,North
11360,2024-10-23,110,3,93.51,East
11361,2023-06-28,118,2,114.43,West
11362,2023-05-25,128,4,228.49,East
11363,2023-12-18,129,3,186.98,South
11364,2023-03-03,123,4,111.5,East
11365,2023-05-19,148,2,110.14,East
11366,2024-03-12,142,5,251.67,South
11367,2023-01-03,127,1,35.76,East
11368,2023-07-18,102,1,29.17,North
11369,2023-01-28,134,3,132.66,North
11370,2023-08-08,135,5,86.36,East
11371,2024-12-23,138,1,14.5,East
11372,2024-11-11,109,5,36.59,North
11373,2024-09-12,112,2,82.07,South
11374,2024-11-08,129,4,241.74,South
11375,2023-06-26,118,2,112.08,North
11376,2023-06-17,106,3,61.96,South
11377,2023-02-28,119,2,100.79,West
11378,2023-11-05,123,1,26.07,East
11379,2023-11-10,121,4,158.12,South
11380,2024-08-22,126,1,26.63,North
11381,2024-08-10,136,5,52.45,West
11382,2023-12-12,123,5,128.96,North
11383,2023-11-10,118,5,286.75,West
11384,2023-06-09,121,4,170.12,North
11385,2024-12-23,105,5,208.15,East
11386,2024-03-27,128,5,271.15,West
11387,2024-03-12,124,5,116.84,North
11388,2023-12-20,141,4,45.56,South
11389,2024-04-27,132,5,177.29,East
11390,2024-03-29,105,1,41.44,West
11391,2023-10-01,126,1,28.66,West
11392,2024-04-05,121,4,161.18,East
11393,2024-05-31,104,1,18.66,East
11394,2024-10-03,133,3,160.74,South
11395,2024-02-27,133,2,104.43,East
11396,2023-08-17,120,1,37.53,West
11397,2023-10-05,108,1,21.19,North
11398,2024-08-17,140,5,131.91,North
11399,2024-03-01,127,2,69.02,West
11400,2024-04-03,119,2,104.5,South
11401,2023-12-01,138,4,58.85,West
11402,2023-10-08,111,2,108.12,East
11403,2024-04-24,109,2,14.9,East
11404,2023-02-05,133,1,54.76,South
11405,2024-01-03,144,2,25.79,West
11406,2023-05-06,140,3,78.42,West
11407,2023-10-26,143,5,300.39,South
11408,2024-08-30,110,2,58.47,West
11409,2023-08-20,107,3,187.67,South
11410,2023-06-28,145,3,135.7,North
11411,2023-04-06,115,5,230.61,West
11412,2024-06-29,113,5,260.39,West
11413,2023-10-11,119,3,152.77,East
11414,2023-02-12,135,2,34.5,South
11415,2024-06-07,109,3,22.41,South
11416,2024-04-05,119,5,263.19,West
11417,2023-06-16,113,3,166.58,South
11418,2024-03-12,104,4,79.69,West
11419,2024-10-26,115,3,146.0,South
11420,2024-01-25,108,3,62.32,East
11421,2024-01-18,105,2,76.37,East
11422,2024-12-27,119,1,49.76,West
11423,2024-08-29,109,4,28.32,West
11424,2023-09-24,141,1,11.09,South
11425,2024-08-18,149,3,155.04,East
11426,2024-03-07,114,3,61.86,North
11427,2023-06-06,116,3,133.64,West
11428,2024-04-14,147,5,70.94,North
11429,2024-12-09,146,4,116.76,South
11430,2024-10-20,126,1,29.31,West
11431,2023-11-13,137,3,40.31,East
11432,2024-03-16,122,5,89.54,East
11433,2024-07-27,106,5,97.14,North
11434,2024-04-15,130,2,58.24,East
11435,2023-09-09,146,2,58.09,West
11436,2024-07-18,134,4,163.62,East
11437,2023-12-27,112,3,124.18,South
11438,2023-09-22,118,4,214.33,West
11439,2023-09-21,103,2,100.81,South
11440,2024-01-10,135,4,73.71,West
11441,2023-11-23,144,2,27.21,North
11442,2023-06-08,109,3,21.38,North
11443,2023-01-01,123,2,51.74,South
11444,2023-10-15,143,4,238.56,East
11445,2024-05-07,144,1,12.97,South
11446,2023-06-16,110,1,28.53,West
11447,2023-01-16,107,3,181.43,North
11448,2023-10-20,126,1,27.11,North
11449,2023-05-05,111,4,220.12,East
11450,2024-05-05,148,3,160.76,East
11451,2023-06-24,122,3,52.95,West
11452,2024-02-19,118,3,173.93,South
11453,2023-06-26,116,4,179.33,East
11454,2024-08-29,101,4,98.6,North
11455,2024-07-25,136,5,53.82,South
11456,2023-05-08,143,4,234.52,South
11457,2024-09-25,108,3,65.92,West
11458,2024-09-23,107,2,116.76,North
11459,2023-03-22,128,1,56.62,West
11460,2023-10-02,111,2,117.18,South
11461,2023-10-23,139,5,271.01,West
11462,2024-03-17,110,2,57.84,North
11463,2023-07-23,113,2,105.91,South
11464,2023-04-07,106,5,100.33,North
11465,2023-05-18,138,5,76.95,North
11466,2024-09-01,120,2,76.39,West
11467,2024-12-25,150,5,240.65,West
11468,2024-03-24,127,3,103.37,West
11469,2023-07-05,114,2,42.12,West
11470,2024-10-01,101,2,52.84,North
11471,2024-11-30,109,1,7.28,North
11472,2024-02-02,130,4,110.41,North
11473,2024-03-24,125,4,250.48,West
11474,2023-03-09,149,4,204.61,West
11475,2023-05-19,116,1,42.8,South
11476,2024-06-04,117,4,82.01,East
11477,2023-06-08,144,1,13.41,South
11478,2023-08-30,119,5,248.33,East
11479,2024-12-16,125,1,59.7,South
11480,2023-08-15,121,4,156.05,West
11481,2023-03-16,104,3,55.93,West
11482,2024-05-29,110,1,29.35,South
11483,2023-06-01,108,4,85.37,North
11484,2024-09-29,123,4,102.54,East
11485,2023-07-14,102,2,56.39,North
11486,2023-11-21,118,1,53.13,East
11487,2024-11-14,136,1,11.11,West
11488,2024-08-13,137,4,55.22,South
11489,2023-02-07,147,5,70.37,East
11490,2024-11-23,107,4,245.61,East
11491,2023-09-19,145,3,127.19,South
11492,2024-06-02,145,1,43.6,South
11493,2023-05-19,139,4,230.0,North
11494,2023-02-07,150,1,46.47,North
11495,2023-02-23,148,2,105.63,North
11496,2023-09-23,134,4,172.04,West
11497,2023-10-17,110,4,117.36,West
11498,2023-08-29,111,4,229.97,East
11499,2023-06-29,123,3,81.45,North
11500,2023-03-01,134,5,213.83,South
